Email,Password,Roles,Name,Contact
sean.skinner@gmail.com,password,User,Sean,"89523922, 89522890"
sarah.knox@gmail.com,password,User,Sarah,"89501898, 89279860"
keith.marshall@gmail.com,password,User,Keith,91788343
phil.dyer@gmail.com,password,User,Phil,80364951
luke.anderson@gmail.com,password,User,Luke,80482560
sam.hodges@gmail.com,password,User,Sam,89515236
rose.duncan@gmail.com,password,User,Rose,94031106
joanne.grant@gmail.com,password,User,Joanne,89508474
heather.wallace@gmail.com,password,User,Heather,82927260
gavin.underwood@gmail.com,password,User,Gavin,92023300
joan.poole@gmail.com,password,User,Joan,80301737
carolyn.hughes@gmail.com,password,User,Carolyn,89276279
julia.peters@gmail.com,password,User,Julia,89511327
austin.paige@gmail.com,password,User,Austin,89315753
carl.mills@gmail.com,password,User,Carl,94511219
alan.jackson@gmail.com,password,User,Alan,80321384
jason.poole@gmail.com,password,User,Jason,89522786
warren.lambert@gmail.com,password,User,Warren,89519770
kevin.wright@gmail.com,password,User,Kevin,89511129
andrew.hardacre@gmail.com,password,User,Andrew,89505382
madeleine.bond@gmail.com,password,User,Madeleine,89516382
ella.anderson@gmail.com,password,User,Ella,80347399
alan.dickens@gmail.com,password,User,Alan,88389344
jack.ince@gmail.com,password,User,Jack,89500664
connor.grant@gmail.com,password,User,Connor,92502650
angela.sharp@gmail.com,password,User,Angela,89514093
alexander.langdon@gmail.com,password,User,Alexander,90842803
abigail.ogden@gmail.com,password,User,Abigail,89387138
lucas.butler@gmail.com,password,User,Lucas,80132285
sally.clark@gmail.com,password,User,Sally,89502772
carl.welch@gmail.com,password,User,Carl,89516203
chloe.mitchell@gmail.com,password,User,Chloe,89523345
nathan.skinner@gmail.com,password,User,Nathan,89515614
emma.mills@gmail.com,password,User,Emma,80174709
charles.davidson@gmail.com,password,User,Charles,80316701
vanessa.fisher@gmail.com,password,User,Vanessa,82714199
maria.mills@gmail.com,password,User,Maria,92418519
william.lambert@gmail.com,password,User,William,89113712
edward.lambert@gmail.com,password,User,Edward,89517434
thomas.hardacre@gmail.com,password,User,Thomas,80283484
alexandra.buckland@gmail.com,password,User,Alexandra,89518258
carolyn.ross@gmail.com,password,User,Carolyn,89509894
wanda.payne@gmail.com,password,User,Wanda,96446840
gabrielle.rees@gmail.com,password,User,Gabrielle,89507534
sean.morgan@gmail.com,password,User,Sean,85308387
sean.jackson@gmail.com,password,User,Sean,82912833
karen.lyman@gmail.com,password,User,Karen,92701163
kevin.james@gmail.com,password,User,Kevin,89523927
deirdre.walsh@gmail.com,password,User,Deirdre,89522220
katherine.graham@gmail.com,password,User,Katherine,89239183
jessica.kelly@gmail.com,password,User,Jessica,90980973
anne.bond@gmail.com,password,User,Anne,89516635
tim.brown@gmail.com,password,User,Tim,89512089
jasmine.clark@gmail.com,password,User,Jasmine,83216745
rose.metcalfe@gmail.com,password,User,Rose,89526038
austin.powell@gmail.com,password,User,Austin,89501003
keith.roberts@gmail.com,password,User,Keith,89512239
zoe.hudson@gmail.com,password,User,Zoe,96365528
jessica.hardacre@gmail.com,password,User,Jessica,89522804
luke.underwood@gmail.com,password,User,Luke,89523220
liam.henderson@gmail.com,password,User,Liam,89518446
hannah.allan@gmail.com,password,User,Hannah,86688933
john.johnston@gmail.com,password,User,John,89508273
sarah.nash@gmail.com,password,User,Sarah,89077588
andrew.berry@gmail.com,password,User,Andrew,89522847
lauren.edmunds@gmail.com,password,User,Lauren,89518813
sonia.fisher@gmail.com,password,User,Sonia,89524787
liam.cornish@gmail.com,password,User,Liam,95420025
anthony.kerr@gmail.com,password,User,Anthony,89518446
heather.taylor@gmail.com,password,User,Heather,84071216
tracey.jones@gmail.com,password,User,Tracey,80152610
bernadette.mackay@gmail.com,password,User,Bernadette,89284694
warren.underwood@gmail.com,password,User,Warren,80493670
andrea.ince@gmail.com,password,User,Andrea,81121354
angela.marshall@gmail.com,password,User,Angela,89380507
irene.mills@gmail.com,password,User,Irene,89522333
julian.rutherford@gmail.com,password,User,Julian,89505584
phil.slater@gmail.com,password,User,Phil,98506888
michael.dowd@gmail.com,password,User,Michael,89460120
stephanie.forsyth@gmail.com,password,User,Stephanie,89518004
isaac.lambert@gmail.com,password,User,Isaac,89452526
luke.hemmings@gmail.com,password,User,Luke,89526198
stephen.king@gmail.com,password,User,Stephen,89510026
luke.burgess@gmail.com,password,User,Luke,94845061
ruth.paterson@gmail.com,password,User,Ruth,89279869
simon.murray@gmail.com,password,User,Simon,89523139
frank.bower@gmail.com,password,User,Frank,89526066
nicholas.scott@gmail.com,password,User,Nicholas,80485630
lisa.jones@gmail.com,password,User,Lisa,94048691
diana.turner@gmail.com,password,User,Diana,98314191
julian.powell@gmail.com,password,User,Julian,89501737
justin.macdonald@gmail.com,password,User,Justin,89508374
keith.paige@gmail.com,password,User,Keith,84080171
max.bailey@gmail.com,password,User,Max,80419927
leonard.bower@gmail.com,password,User,Leonard,89450141
madeleine.jackson@gmail.com,password,User,Madeleine,89270193
samantha.parr@gmail.com,password,User,Samantha,89501705
andrew.slater@gmail.com,password,User,Andrew,94080142
penelope.taylor@gmail.com,password,User,Penelope,93577853
bernadette.blake@gmail.com,password,User,Bernadette,89529553
